{
    "archived" : 0,
    "croppedImage" : "697051D0-FD2C-4664-8556-BC130396EEA5",
    "croppedImageFrame" : "{{-135, -181.5}, {230.5, 175}}",
    "croppedImageOffset" : "{-11.483636, -57.866879}",
    "croppedImageRotation" : 0.2575110197067261,
    "croppedImageScale" : 0.3280147612094879,
    "croppedImageTimestamp" : 1386060370.367483,
    "croppedImageTransform" : "[0.31719908, 0.083536975, -0.083536975, 0.31719908, -11.483636, -57.866879]",
    "hocrText" : "  <div class='ocr_page' id='page_1' title='image \"\"; bbox 0 0 704 535; ppageno 0'>\n   <div class='ocr_carea' id='block_1_1' title=\"bbox 0 0 704 535\">\n    <p class='ocr_par' dir='ltr' id='par_1' title=\"bbox 30 86 478 228\">\n     <span class='ocr_line' id='line_1' title=\"bbox 30 86 478 228\"><span class='ocrx_word' id='word_1' title=\"bbox 30 86 132 209\">\\</span> <span class='ocrx_word' id='word_2' title=\"bbox 162 199 305 223\">Welcome</span> <span class='ocrx_word' id='word_3' title=\"bbox 314 200 344 222\">to</span> <span class='ocrx_word' id='word_4' title=\"bbox 356 198 478 228\">Parsnip!</span> \n     </span>\n    </p>\n\n    <p class='ocr_par' dir='ltr' id='par_2' title=\"bbox 164 240 378 262\">\n     <span class='ocr_line' id='line_2' title=\"bbox 164 240 378 262\"><span class='ocrx_word' id='word_5' title=\"bbox 164 240 207 262\">For</span> <span class='ocrx_word' id='word_6' title=\"bbox 216 240 273 262\">best</span> <span class='ocrx_word' id='word_7' title=\"bbox 283 240 378 261\">results:</span> \n     </span>\n    </p>\n\n    <p class='ocr_par' dir='ltr' id='par_3' title=\"bbox 164 276 458 303\">\n     <span class='ocr_line' id='line_3' title=\"bbox 164 276 458 303\"><span class='ocrx_word' id='word_8' title=\"bbox 164 281 175 293\"><strong>0</strong></span> <span class='ocrx_word' id='word_9' title=\"bbox 185 276 250 298\">Take</span> <span class='ocrx_word' id='word_10' title=\"bbox 259 276 310 298\">well</span> <span class='ocrx_word' id='word_11' title=\"bbox 321 276 342 297\">lit</span> <span class='ocrx_word' id='word_12' title=\"bbox 352 276 458 303\">pictures</span> \n     </span>\n    </p>\n\n    <p class='ocr_par' dir='ltr' id='par_4' title=\"bbox 164 311 678 424\">\n     <span class='ocr_line' id='line_4' title=\"bbox 164 311 678 340\"><span class='ocrx_word' id='word_13' title=\"bbox 164 318 175 329\"><strong>-</strong></span> <span class='ocrx_word' id='word_14' title=\"bbox 186 311 252 340\"><strong>Crop</strong></span> <span class='ocrx_word' id='word_15' title=\"bbox 261 317 291 333\">as</span> <span class='ocrx_word' id='word_16' title=\"bbox 301 312 373 333\">close</span> <span class='ocrx_word' id='word_17' title=\"bbox 380 313 406 333\">to</span> <span class='ocrx_word' id='word_18' title=\"bbox 414 312 457 333\">the</span> <span class='ocrx_word' id='word_19' title=\"bbox 464 312 515 333\">text</span> <span class='ocrx_word' id='word_20' title=\"bbox 523 316 553 333\">as</span> <span class='ocrx_word' id='word_21' title=\"bbox 564 311 678 338\">possible</span> \n     </span>\n     <span class='ocr_line' id='line_5' title=\"bbox 167 397 399 424\"><span class='ocrx_word' id='word_22' title=\"bbox 167 397 258 424\">Bracing</span> <span class='ocrx_word' id='word_23' title=\"bbox 268 399 341 423\">Effect,</span> <span class='ocrx_word' id='word_24' title=\"bbox 352 401 399 421\">LLC</span> \n     </span>\n    </p>\n\n    <p class='ocr_par' dir='ltr' id='par_5' title=\"bbox 166 434 355 455\">\n     <span class='ocr_line' id='line_6' title=\"bbox 166 434 355 455\"><span class='ocrx_word' id='word_25' title=\"bbox 166 434 219 452\">Send</span> <span class='ocrx_word' id='word_26' title=\"bbox 227 434 322 454\">feedback</span> <span class='ocrx_word' id='word_27' title=\"bbox 330 438 355 455\">to:</span> \n     </span>\n    </p>\n\n    <p class='ocr_par' dir='ltr' id='par_6' title=\"bbox 165 463 453 515\">\n     <span class='ocr_line' id='line_7' title=\"bbox 166 463 453 488\"><span class='ocrx_word' id='word_28' title=\"bbox 166 463 453 488\">support@bracingeffect.com</span> \n     </span>\n     <span class='ocr_line' id='line_8' title=\"bbox 165 491 414 515\"><span class='ocrx_word' id='word_29' title=\"bbox 165 491 414 515\">www.bracingeffec&#39;Lcom</span> \n     </span>\n    </p>\n   </div>\n  </div>\n",
    "hocrTextTimestamp" : 1386060371.32752,
    "ocrImage" : "F5B6CB6B-042B-45C3-BC5D-DCDEA60F9DF2",
    "ocrImageTimestamp" : 1386060371.327395,
    "ocrText" : "\\ Welcome to Parsnip!\n\nFor best results:\n\n0 Take well lit pictures\n\n- Crop as close to the text as possible\nBracing Effect, LLC\n\nSend feedback to:\n\nsupport@bracingeffect.com\nwww.bracingeffec'Lcom\n\n",
    "ocrTextTimestamp" : 1386060371.327457,
    "pk" : 4,
    "postOcrText" : "\\ Welcome to Parsnip!\n\nFor best results:\n\n0 Take well lit pictures\n\n- Crop as close to the text as possible\nBracing Effect, LLC\n\nSend feedback to:\n\nsupport@bracingeffect.com\nwww.bracingeffec'Lcom\n\n",
    "postOcrTextTimestamp" : 1386060371.334887,
    "preOcrImage" : "907A972D-C887-4F66-BB2F-BD798BDF2789",
    "preOcrImageTimestamp" : 1386060370.887709,
    "rawImage" : "A1063008-9908-4223-8EA0-44C2E15C7366",
    "rawImageTimestamp" : 1386060303.839514,
    "thumbnailImage" : "FCDC5A7B-4083-455B-A6FE-9668F03393E1",
    "thumbnailImageTimestamp" : 1386060371.339646,
    "userSaved" : 1,
    "userText" : "Welcome to Parsnip!\n\nFor best results:\n\u2022 Take well lit pictures\n\u2022 Crop as close to the text as possible\n\nBracing Effect, LLC\nSend feedback to:\nsupport@bracingeffect.com\nwww.bracingeffect.com\n\n",
    "userTextTimestamp" : 1386060413.966535
}
